"","Projection","Actual","Conversion_Rate","Position","Inclusive_Bucket"
"1","Projected Top 5","Finished.Above.40",0.06,"All","Inclusive"
"2","Projected Top 10","Finished.Above.40",0.09,"All","Inclusive"
"3","Projected Top 15","Finished.Above.40",0.12,"All","Inclusive"
"4","Projected Top 20","Finished.Above.40",0.15,"All","Inclusive"
"5","Projected Top 25","Finished.Above.40",0.17,"All","Inclusive"
"6","Projected Top 30","Finished.Above.40",0.28,"All","Inclusive"
"7","Projected Top 40","Finished.Above.40",0.5,"All","Inclusive"
"8","Projected Top 35","Finished.Above.40",0.4,"All","Inclusive"
"9","Projected Above 40","Finished.Above.40",0.9,"All","Inclusive"
"10","Projected Top 5","Finished.Top.5",0.43,"All","Inclusive"
"11","Projected Top 10","Finished.Top.5",0.17,"All","Inclusive"
"12","Projected Top 15","Finished.Top.5",0.13,"All","Inclusive"
"13","Projected Top 20","Finished.Top.5",0.12,"All","Inclusive"
"14","Projected Top 25","Finished.Top.5",0.06,"All","Inclusive"
"15","Projected Top 30","Finished.Top.5",0.04,"All","Inclusive"
"16","Projected Top 40","Finished.Top.5",0.01,"All","Inclusive"
"17","Projected Top 35","Finished.Top.5",0.01,"All","Inclusive"
"18","Projected Above 40","Finished.Top.5",0,"All","Inclusive"
"19","Projected Top 5","Finished.Top.10",0.65,"All","Inclusive"
"20","Projected Top 10","Finished.Top.10",0.34,"All","Inclusive"
"21","Projected Top 15","Finished.Top.10",0.33,"All","Inclusive"
"22","Projected Top 20","Finished.Top.10",0.22,"All","Inclusive"
"23","Projected Top 25","Finished.Top.10",0.16,"All","Inclusive"
"24","Projected Top 30","Finished.Top.10",0.11,"All","Inclusive"
"25","Projected Top 40","Finished.Top.10",0.04,"All","Inclusive"
"26","Projected Top 35","Finished.Top.10",0.04,"All","Inclusive"
"27","Projected Above 40","Finished.Top.10",0.01,"All","Inclusive"
"28","Projected Top 5","Finished.Top.15",0.77,"All","Inclusive"
"29","Projected Top 10","Finished.Top.15",0.54,"All","Inclusive"
"30","Projected Top 15","Finished.Top.15",0.49,"All","Inclusive"
"31","Projected Top 20","Finished.Top.15",0.35,"All","Inclusive"
"32","Projected Top 25","Finished.Top.15",0.3,"All","Inclusive"
"33","Projected Top 30","Finished.Top.15",0.18,"All","Inclusive"
"34","Projected Top 40","Finished.Top.15",0.07,"All","Inclusive"
"35","Projected Top 35","Finished.Top.15",0.11,"All","Inclusive"
"36","Projected Above 40","Finished.Top.15",0.01,"All","Inclusive"
"37","Projected Top 5","Finished.Top.20",0.84,"All","Inclusive"
"38","Projected Top 10","Finished.Top.20",0.65,"All","Inclusive"
"39","Projected Top 15","Finished.Top.20",0.61,"All","Inclusive"
"40","Projected Top 20","Finished.Top.20",0.55,"All","Inclusive"
"41","Projected Top 25","Finished.Top.20",0.44,"All","Inclusive"
"42","Projected Top 30","Finished.Top.20",0.26,"All","Inclusive"
"43","Projected Top 40","Finished.Top.20",0.13,"All","Inclusive"
"44","Projected Top 35","Finished.Top.20",0.15,"All","Inclusive"
"45","Projected Above 40","Finished.Top.20",0.02,"All","Inclusive"
"46","Projected Top 5","Finished.Top.25",0.88,"All","Inclusive"
"47","Projected Top 10","Finished.Top.25",0.73,"All","Inclusive"
"48","Projected Top 15","Finished.Top.25",0.72,"All","Inclusive"
"49","Projected Top 20","Finished.Top.25",0.66,"All","Inclusive"
"50","Projected Top 25","Finished.Top.25",0.58,"All","Inclusive"
"51","Projected Top 30","Finished.Top.25",0.38,"All","Inclusive"
"52","Projected Top 40","Finished.Top.25",0.22,"All","Inclusive"
"53","Projected Top 35","Finished.Top.25",0.25,"All","Inclusive"
"54","Projected Above 40","Finished.Top.25",0.04,"All","Inclusive"
"55","Projected Top 5","Finished.Top.30",0.91,"All","Inclusive"
"56","Projected Top 10","Finished.Top.30",0.8,"All","Inclusive"
"57","Projected Top 15","Finished.Top.30",0.77,"All","Inclusive"
"58","Projected Top 20","Finished.Top.30",0.75,"All","Inclusive"
"59","Projected Top 25","Finished.Top.30",0.7,"All","Inclusive"
"60","Projected Top 30","Finished.Top.30",0.53,"All","Inclusive"
"61","Projected Top 40","Finished.Top.30",0.27,"All","Inclusive"
"62","Projected Top 35","Finished.Top.30",0.4,"All","Inclusive"
"63","Projected Above 40","Finished.Top.30",0.05,"All","Inclusive"
"64","Projected Top 5","Finished.Top.35",0.92,"All","Inclusive"
"65","Projected Top 10","Finished.Top.35",0.86,"All","Inclusive"
"66","Projected Top 15","Finished.Top.35",0.84,"All","Inclusive"
"67","Projected Top 20","Finished.Top.35",0.81,"All","Inclusive"
"68","Projected Top 25","Finished.Top.35",0.79,"All","Inclusive"
"69","Projected Top 30","Finished.Top.35",0.64,"All","Inclusive"
"70","Projected Top 40","Finished.Top.35",0.4,"All","Inclusive"
"71","Projected Top 35","Finished.Top.35",0.5,"All","Inclusive"
"72","Projected Above 40","Finished.Top.35",0.08,"All","Inclusive"
"73","Projected Top 5","Finished.Top.40",0.94,"All","Inclusive"
"74","Projected Top 10","Finished.Top.40",0.91,"All","Inclusive"
"75","Projected Top 15","Finished.Top.40",0.88,"All","Inclusive"
"76","Projected Top 20","Finished.Top.40",0.85,"All","Inclusive"
"77","Projected Top 25","Finished.Top.40",0.83,"All","Inclusive"
"78","Projected Top 30","Finished.Top.40",0.72,"All","Inclusive"
"79","Projected Top 40","Finished.Top.40",0.5,"All","Inclusive"
"80","Projected Top 35","Finished.Top.40",0.6,"All","Inclusive"
"81","Projected Above 40","Finished.Top.40",0.1,"All","Inclusive"
"82","Projected 1-5","Finished.1.5",0.43,"All","Bucket"
"83","Projected 6-10","Finished.1.5",0.17,"All","Bucket"
"84","Projected 11-15","Finished.1.5",0.13,"All","Bucket"
"85","Projected 16-20","Finished.1.5",0.12,"All","Bucket"
"86","Projected 21-25","Finished.1.5",0.06,"All","Bucket"
"87","Projected 26-30","Finished.1.5",0.04,"All","Bucket"
"88","Projected 36-40","Finished.1.5",0.01,"All","Bucket"
"89","Projected 31-35","Finished.1.5",0.01,"All","Bucket"
"90","Projected Above 40","Finished.1.5",0,"All","Bucket"
"91","Projected 1-5","Finished.6.10",0.21,"All","Bucket"
"92","Projected 6-10","Finished.6.10",0.17,"All","Bucket"
"93","Projected 11-15","Finished.6.10",0.2,"All","Bucket"
"94","Projected 16-20","Finished.6.10",0.1,"All","Bucket"
"95","Projected 21-25","Finished.6.10",0.1,"All","Bucket"
"96","Projected 26-30","Finished.6.10",0.08,"All","Bucket"
"97","Projected 36-40","Finished.6.10",0.03,"All","Bucket"
"98","Projected 31-35","Finished.6.10",0.04,"All","Bucket"
"99","Projected Above 40","Finished.6.10",0,"All","Bucket"
"100","Projected 1-5","Finished.11.15",0.12,"All","Bucket"
"101","Projected 6-10","Finished.11.15",0.2,"All","Bucket"
"102","Projected 11-15","Finished.11.15",0.16,"All","Bucket"
"103","Projected 16-20","Finished.11.15",0.13,"All","Bucket"
"104","Projected 21-25","Finished.11.15",0.14,"All","Bucket"
"105","Projected 26-30","Finished.11.15",0.07,"All","Bucket"
"106","Projected 36-40","Finished.11.15",0.02,"All","Bucket"
"107","Projected 31-35","Finished.11.15",0.06,"All","Bucket"
"108","Projected Above 40","Finished.11.15",0.01,"All","Bucket"
"109","Projected 1-5","Finished.16.20",0.08,"All","Bucket"
"110","Projected 6-10","Finished.16.20",0.1,"All","Bucket"
"111","Projected 11-15","Finished.16.20",0.12,"All","Bucket"
"112","Projected 16-20","Finished.16.20",0.2,"All","Bucket"
"113","Projected 21-25","Finished.16.20",0.14,"All","Bucket"
"114","Projected 26-30","Finished.16.20",0.08,"All","Bucket"
"115","Projected 36-40","Finished.16.20",0.07,"All","Bucket"
"116","Projected 31-35","Finished.16.20",0.04,"All","Bucket"
"117","Projected Above 40","Finished.16.20",0.01,"All","Bucket"
"118","Projected 1-5","Finished.21.25",0.04,"All","Bucket"
"119","Projected 6-10","Finished.21.25",0.09,"All","Bucket"
"120","Projected 11-15","Finished.21.25",0.1,"All","Bucket"
"121","Projected 16-20","Finished.21.25",0.11,"All","Bucket"
"122","Projected 21-25","Finished.21.25",0.14,"All","Bucket"
"123","Projected 26-30","Finished.21.25",0.11,"All","Bucket"
"124","Projected 36-40","Finished.21.25",0.08,"All","Bucket"
"125","Projected 31-35","Finished.21.25",0.09,"All","Bucket"
"126","Projected Above 40","Finished.21.25",0.01,"All","Bucket"
"127","Projected 1-5","Finished.26.30",0.02,"All","Bucket"
"128","Projected 6-10","Finished.26.30",0.07,"All","Bucket"
"129","Projected 11-15","Finished.26.30",0.05,"All","Bucket"
"130","Projected 16-20","Finished.26.30",0.09,"All","Bucket"
"131","Projected 21-25","Finished.26.30",0.12,"All","Bucket"
"132","Projected 26-30","Finished.26.30",0.16,"All","Bucket"
"133","Projected 36-40","Finished.26.30",0.06,"All","Bucket"
"134","Projected 31-35","Finished.26.30",0.16,"All","Bucket"
"135","Projected Above 40","Finished.26.30",0.02,"All","Bucket"
"136","Projected 1-5","Finished.31.35",0.01,"All","Bucket"
"137","Projected 6-10","Finished.31.35",0.05,"All","Bucket"
"138","Projected 11-15","Finished.31.35",0.07,"All","Bucket"
"139","Projected 16-20","Finished.31.35",0.06,"All","Bucket"
"140","Projected 21-25","Finished.31.35",0.09,"All","Bucket"
"141","Projected 26-30","Finished.31.35",0.11,"All","Bucket"
"142","Projected 36-40","Finished.31.35",0.12,"All","Bucket"
"143","Projected 31-35","Finished.31.35",0.1,"All","Bucket"
"144","Projected Above 40","Finished.31.35",0.02,"All","Bucket"
"145","Projected 1-5","Finished.36.40",0.02,"All","Bucket"
"146","Projected 6-10","Finished.36.40",0.05,"All","Bucket"
"147","Projected 11-15","Finished.36.40",0.05,"All","Bucket"
"148","Projected 16-20","Finished.36.40",0.04,"All","Bucket"
"149","Projected 21-25","Finished.36.40",0.04,"All","Bucket"
"150","Projected 26-30","Finished.36.40",0.08,"All","Bucket"
"151","Projected 36-40","Finished.36.40",0.1,"All","Bucket"
"152","Projected 31-35","Finished.36.40",0.1,"All","Bucket"
"153","Projected Above 40","Finished.36.40",0.03,"All","Bucket"
"154","Projected 1-5","Finished.Above.40",0.06,"All","Bucket"
"155","Projected 6-10","Finished.Above.40",0.09,"All","Bucket"
"156","Projected 11-15","Finished.Above.40",0.12,"All","Bucket"
"157","Projected 16-20","Finished.Above.40",0.15,"All","Bucket"
"158","Projected 21-25","Finished.Above.40",0.17,"All","Bucket"
"159","Projected 26-30","Finished.Above.40",0.28,"All","Bucket"
"160","Projected 36-40","Finished.Above.40",0.5,"All","Bucket"
"161","Projected 31-35","Finished.Above.40",0.4,"All","Bucket"
"162","Projected Above 40","Finished.Above.40",0.9,"All","Bucket"
"163","Projected Top 5","Finished.Above.40",0.03,"QB","Inclusive"
"164","Projected Top 10","Finished.Above.40",0.03,"QB","Inclusive"
"165","Projected Top 15","Finished.Above.40",0.05,"QB","Inclusive"
"166","Projected Top 20","Finished.Above.40",0.02,"QB","Inclusive"
"167","Projected Top 25","Finished.Above.40",0.03,"QB","Inclusive"
"168","Projected Top 40","Finished.Above.40",0.5,"QB","Inclusive"
"169","Projected Top 30","Finished.Above.40",0.15,"QB","Inclusive"
"170","Projected Top 35","Finished.Above.40",0.38,"QB","Inclusive"
"171","Projected Above 40","Finished.Above.40",0.86,"QB","Inclusive"
"172","Projected Top 5","Finished.Top.5",0.48,"QB","Inclusive"
"173","Projected Top 10","Finished.Top.5",0.17,"QB","Inclusive"
"174","Projected Top 15","Finished.Top.5",0.13,"QB","Inclusive"
"175","Projected Top 20","Finished.Top.5",0.1,"QB","Inclusive"
"176","Projected Top 25","Finished.Top.5",0.1,"QB","Inclusive"
"177","Projected Top 40","Finished.Top.5",0.02,"QB","Inclusive"
"178","Projected Top 30","Finished.Top.5",0,"QB","Inclusive"
"179","Projected Top 35","Finished.Top.5",0,"QB","Inclusive"
"180","Projected Above 40","Finished.Top.5",0,"QB","Inclusive"
"181","Projected Top 5","Finished.Top.10",0.68,"QB","Inclusive"
"182","Projected Top 10","Finished.Top.10",0.45,"QB","Inclusive"
"183","Projected Top 15","Finished.Top.10",0.37,"QB","Inclusive"
"184","Projected Top 20","Finished.Top.10",0.22,"QB","Inclusive"
"185","Projected Top 25","Finished.Top.10",0.18,"QB","Inclusive"
"186","Projected Top 40","Finished.Top.10",0.02,"QB","Inclusive"
"187","Projected Top 30","Finished.Top.10",0.07,"QB","Inclusive"
"188","Projected Top 35","Finished.Top.10",0,"QB","Inclusive"
"189","Projected Above 40","Finished.Top.10",0,"QB","Inclusive"
"190","Projected Top 5","Finished.Top.15",0.85,"QB","Inclusive"
"191","Projected Top 10","Finished.Top.15",0.68,"QB","Inclusive"
"192","Projected Top 15","Finished.Top.15",0.58,"QB","Inclusive"
"193","Projected Top 20","Finished.Top.15",0.35,"QB","Inclusive"
"194","Projected Top 25","Finished.Top.15",0.33,"QB","Inclusive"
"195","Projected Top 40","Finished.Top.15",0.03,"QB","Inclusive"
"196","Projected Top 30","Finished.Top.15",0.1,"QB","Inclusive"
"197","Projected Top 35","Finished.Top.15",0.03,"QB","Inclusive"
"198","Projected Above 40","Finished.Top.15",0,"QB","Inclusive"
"199","Projected Top 5","Finished.Top.20",0.88,"QB","Inclusive"
"200","Projected Top 10","Finished.Top.20",0.82,"QB","Inclusive"
"201","Projected Top 15","Finished.Top.20",0.73,"QB","Inclusive"
"202","Projected Top 20","Finished.Top.20",0.6,"QB","Inclusive"
"203","Projected Top 25","Finished.Top.20",0.5,"QB","Inclusive"
"204","Projected Top 40","Finished.Top.20",0.07,"QB","Inclusive"
"205","Projected Top 30","Finished.Top.20",0.25,"QB","Inclusive"
"206","Projected Top 35","Finished.Top.20",0.08,"QB","Inclusive"
"207","Projected Above 40","Finished.Top.20",0.01,"QB","Inclusive"
"208","Projected Top 5","Finished.Top.25",0.9,"QB","Inclusive"
"209","Projected Top 10","Finished.Top.25",0.9,"QB","Inclusive"
"210","Projected Top 15","Finished.Top.25",0.78,"QB","Inclusive"
"211","Projected Top 20","Finished.Top.25",0.73,"QB","Inclusive"
"212","Projected Top 25","Finished.Top.25",0.68,"QB","Inclusive"
"213","Projected Top 40","Finished.Top.25",0.2,"QB","Inclusive"
"214","Projected Top 30","Finished.Top.25",0.4,"QB","Inclusive"
"215","Projected Top 35","Finished.Top.25",0.2,"QB","Inclusive"
"216","Projected Above 40","Finished.Top.25",0.02,"QB","Inclusive"
"217","Projected Top 5","Finished.Top.30",0.95,"QB","Inclusive"
"218","Projected Top 10","Finished.Top.30",0.95,"QB","Inclusive"
"219","Projected Top 15","Finished.Top.30",0.83,"QB","Inclusive"
"220","Projected Top 20","Finished.Top.30",0.85,"QB","Inclusive"
"221","Projected Top 25","Finished.Top.30",0.83,"QB","Inclusive"
"222","Projected Top 40","Finished.Top.30",0.23,"QB","Inclusive"
"223","Projected Top 30","Finished.Top.30",0.55,"QB","Inclusive"
"224","Projected Top 35","Finished.Top.30",0.4,"QB","Inclusive"
"225","Projected Above 40","Finished.Top.30",0.05,"QB","Inclusive"
"226","Projected Top 5","Finished.Top.35",0.97,"QB","Inclusive"
"227","Projected Top 10","Finished.Top.35",0.97,"QB","Inclusive"
"228","Projected Top 15","Finished.Top.35",0.9,"QB","Inclusive"
"229","Projected Top 20","Finished.Top.35",0.97,"QB","Inclusive"
"230","Projected Top 25","Finished.Top.35",0.92,"QB","Inclusive"
"231","Projected Top 40","Finished.Top.35",0.35,"QB","Inclusive"
"232","Projected Top 30","Finished.Top.35",0.73,"QB","Inclusive"
"233","Projected Top 35","Finished.Top.35",0.47,"QB","Inclusive"
"234","Projected Above 40","Finished.Top.35",0.09,"QB","Inclusive"
"235","Projected Top 5","Finished.Top.40",0.97,"QB","Inclusive"
"236","Projected Top 10","Finished.Top.40",0.97,"QB","Inclusive"
"237","Projected Top 15","Finished.Top.40",0.95,"QB","Inclusive"
"238","Projected Top 20","Finished.Top.40",0.98,"QB","Inclusive"
"239","Projected Top 25","Finished.Top.40",0.97,"QB","Inclusive"
"240","Projected Top 40","Finished.Top.40",0.5,"QB","Inclusive"
"241","Projected Top 30","Finished.Top.40",0.85,"QB","Inclusive"
"242","Projected Top 35","Finished.Top.40",0.62,"QB","Inclusive"
"243","Projected Above 40","Finished.Top.40",0.14,"QB","Inclusive"
"244","Projected 1-5","Finished.1.5",0.48,"QB","Bucket"
"245","Projected 6-10","Finished.1.5",0.17,"QB","Bucket"
"246","Projected 11-15","Finished.1.5",0.13,"QB","Bucket"
"247","Projected 16-20","Finished.1.5",0.1,"QB","Bucket"
"248","Projected 21-25","Finished.1.5",0.1,"QB","Bucket"
"249","Projected 36-40","Finished.1.5",0.02,"QB","Bucket"
"250","Projected 26-30","Finished.1.5",0,"QB","Bucket"
"251","Projected 31-35","Finished.1.5",0,"QB","Bucket"
"252","Projected Above 40","Finished.1.5",0,"QB","Bucket"
"253","Projected 1-5","Finished.6.10",0.2,"QB","Bucket"
"254","Projected 6-10","Finished.6.10",0.28,"QB","Bucket"
"255","Projected 11-15","Finished.6.10",0.23,"QB","Bucket"
"256","Projected 16-20","Finished.6.10",0.12,"QB","Bucket"
"257","Projected 21-25","Finished.6.10",0.08,"QB","Bucket"
"258","Projected 36-40","Finished.6.10",0,"QB","Bucket"
"259","Projected 26-30","Finished.6.10",0.07,"QB","Bucket"
"260","Projected 31-35","Finished.6.10",0,"QB","Bucket"
"261","Projected Above 40","Finished.6.10",0,"QB","Bucket"
"262","Projected 1-5","Finished.11.15",0.17,"QB","Bucket"
"263","Projected 6-10","Finished.11.15",0.23,"QB","Bucket"
"264","Projected 11-15","Finished.11.15",0.22,"QB","Bucket"
"265","Projected 16-20","Finished.11.15",0.13,"QB","Bucket"
"266","Projected 21-25","Finished.11.15",0.15,"QB","Bucket"
"267","Projected 36-40","Finished.11.15",0.02,"QB","Bucket"
"268","Projected 26-30","Finished.11.15",0.03,"QB","Bucket"
"269","Projected 31-35","Finished.11.15",0.03,"QB","Bucket"
"270","Projected Above 40","Finished.11.15",0,"QB","Bucket"
"271","Projected 1-5","Finished.16.20",0.03,"QB","Bucket"
"272","Projected 6-10","Finished.16.20",0.13,"QB","Bucket"
"273","Projected 11-15","Finished.16.20",0.15,"QB","Bucket"
"274","Projected 16-20","Finished.16.20",0.25,"QB","Bucket"
"275","Projected 21-25","Finished.16.20",0.17,"QB","Bucket"
"276","Projected 36-40","Finished.16.20",0.03,"QB","Bucket"
"277","Projected 26-30","Finished.16.20",0.15,"QB","Bucket"
"278","Projected 31-35","Finished.16.20",0.05,"QB","Bucket"
"279","Projected Above 40","Finished.16.20",0,"QB","Bucket"
"280","Projected 1-5","Finished.21.25",0.02,"QB","Bucket"
"281","Projected 6-10","Finished.21.25",0.08,"QB","Bucket"
"282","Projected 11-15","Finished.21.25",0.05,"QB","Bucket"
"283","Projected 16-20","Finished.21.25",0.13,"QB","Bucket"
"284","Projected 21-25","Finished.21.25",0.18,"QB","Bucket"
"285","Projected 36-40","Finished.21.25",0.13,"QB","Bucket"
"286","Projected 26-30","Finished.21.25",0.15,"QB","Bucket"
"287","Projected 31-35","Finished.21.25",0.12,"QB","Bucket"
"288","Projected Above 40","Finished.21.25",0.02,"QB","Bucket"
"289","Projected 1-5","Finished.26.30",0.05,"QB","Bucket"
"290","Projected 6-10","Finished.26.30",0.05,"QB","Bucket"
"291","Projected 11-15","Finished.26.30",0.05,"QB","Bucket"
"292","Projected 16-20","Finished.26.30",0.12,"QB","Bucket"
"293","Projected 21-25","Finished.26.30",0.15,"QB","Bucket"
"294","Projected 36-40","Finished.26.30",0.03,"QB","Bucket"
"295","Projected 26-30","Finished.26.30",0.15,"QB","Bucket"
"296","Projected 31-35","Finished.26.30",0.2,"QB","Bucket"
"297","Projected Above 40","Finished.26.30",0.02,"QB","Bucket"
"298","Projected 1-5","Finished.31.35",0.02,"QB","Bucket"
"299","Projected 6-10","Finished.31.35",0.02,"QB","Bucket"
"300","Projected 11-15","Finished.31.35",0.07,"QB","Bucket"
"301","Projected 16-20","Finished.31.35",0.12,"QB","Bucket"
"302","Projected 21-25","Finished.31.35",0.08,"QB","Bucket"
"303","Projected 36-40","Finished.31.35",0.12,"QB","Bucket"
"304","Projected 26-30","Finished.31.35",0.18,"QB","Bucket"
"305","Projected 31-35","Finished.31.35",0.07,"QB","Bucket"
"306","Projected Above 40","Finished.31.35",0.04,"QB","Bucket"
"307","Projected 1-5","Finished.36.40",0,"QB","Bucket"
"308","Projected 6-10","Finished.36.40",0,"QB","Bucket"
"309","Projected 11-15","Finished.36.40",0.05,"QB","Bucket"
"310","Projected 16-20","Finished.36.40",0.02,"QB","Bucket"
"311","Projected 21-25","Finished.36.40",0.05,"QB","Bucket"
"312","Projected 36-40","Finished.36.40",0.15,"QB","Bucket"
"313","Projected 26-30","Finished.36.40",0.12,"QB","Bucket"
"314","Projected 31-35","Finished.36.40",0.15,"QB","Bucket"
"315","Projected Above 40","Finished.36.40",0.05,"QB","Bucket"
"316","Projected 1-5","Finished.Above.40",0.03,"QB","Bucket"
"317","Projected 6-10","Finished.Above.40",0.03,"QB","Bucket"
"318","Projected 11-15","Finished.Above.40",0.05,"QB","Bucket"
"319","Projected 16-20","Finished.Above.40",0.02,"QB","Bucket"
"320","Projected 21-25","Finished.Above.40",0.03,"QB","Bucket"
"321","Projected 36-40","Finished.Above.40",0.5,"QB","Bucket"
"322","Projected 26-30","Finished.Above.40",0.15,"QB","Bucket"
"323","Projected 31-35","Finished.Above.40",0.38,"QB","Bucket"
"324","Projected Above 40","Finished.Above.40",0.86,"QB","Bucket"
"325","Projected Top 5","Finished.Above.40",0.13,"RB","Inclusive"
"326","Projected Top 10","Finished.Above.40",0.15,"RB","Inclusive"
"327","Projected Top 20","Finished.Above.40",0.3,"RB","Inclusive"
"328","Projected Top 30","Finished.Above.40",0.4,"RB","Inclusive"
"329","Projected Top 15","Finished.Above.40",0.23,"RB","Inclusive"
"330","Projected Top 35","Finished.Above.40",0.38,"RB","Inclusive"
"331","Projected Top 25","Finished.Above.40",0.27,"RB","Inclusive"
"332","Projected Top 40","Finished.Above.40",0.57,"RB","Inclusive"
"333","Projected Above 40","Finished.Above.40",0.89,"RB","Inclusive"
"334","Projected Top 5","Finished.Top.5",0.33,"RB","Inclusive"
"335","Projected Top 10","Finished.Top.5",0.23,"RB","Inclusive"
"336","Projected Top 20","Finished.Top.5",0.13,"RB","Inclusive"
"337","Projected Top 30","Finished.Top.5",0.08,"RB","Inclusive"
"338","Projected Top 15","Finished.Top.5",0.07,"RB","Inclusive"
"339","Projected Top 35","Finished.Top.5",0.03,"RB","Inclusive"
"340","Projected Top 25","Finished.Top.5",0.02,"RB","Inclusive"
"341","Projected Top 40","Finished.Top.5",0.02,"RB","Inclusive"
"342","Projected Above 40","Finished.Top.5",0,"RB","Inclusive"
"343","Projected Top 5","Finished.Top.10",0.55,"RB","Inclusive"
"344","Projected Top 10","Finished.Top.10",0.3,"RB","Inclusive"
"345","Projected Top 20","Finished.Top.10",0.22,"RB","Inclusive"
"346","Projected Top 30","Finished.Top.10",0.15,"RB","Inclusive"
"347","Projected Top 15","Finished.Top.10",0.27,"RB","Inclusive"
"348","Projected Top 35","Finished.Top.10",0.08,"RB","Inclusive"
"349","Projected Top 25","Finished.Top.10",0.13,"RB","Inclusive"
"350","Projected Top 40","Finished.Top.10",0.1,"RB","Inclusive"
"351","Projected Above 40","Finished.Top.10",0.01,"RB","Inclusive"
"352","Projected Top 5","Finished.Top.15",0.73,"RB","Inclusive"
"353","Projected Top 10","Finished.Top.15",0.45,"RB","Inclusive"
"354","Projected Top 20","Finished.Top.15",0.28,"RB","Inclusive"
"355","Projected Top 30","Finished.Top.15",0.25,"RB","Inclusive"
"356","Projected Top 15","Finished.Top.15",0.37,"RB","Inclusive"
"357","Projected Top 35","Finished.Top.15",0.17,"RB","Inclusive"
"358","Projected Top 25","Finished.Top.15",0.2,"RB","Inclusive"
"359","Projected Top 40","Finished.Top.15",0.12,"RB","Inclusive"
"360","Projected Above 40","Finished.Top.15",0.02,"RB","Inclusive"
"361","Projected Top 5","Finished.Top.20",0.8,"RB","Inclusive"
"362","Projected Top 10","Finished.Top.20",0.52,"RB","Inclusive"
"363","Projected Top 20","Finished.Top.20",0.48,"RB","Inclusive"
"364","Projected Top 30","Finished.Top.20",0.3,"RB","Inclusive"
"365","Projected Top 15","Finished.Top.20",0.5,"RB","Inclusive"
"366","Projected Top 35","Finished.Top.20",0.2,"RB","Inclusive"
"367","Projected Top 25","Finished.Top.20",0.37,"RB","Inclusive"
"368","Projected Top 40","Finished.Top.20",0.15,"RB","Inclusive"
"369","Projected Above 40","Finished.Top.20",0.03,"RB","Inclusive"
"370","Projected Top 5","Finished.Top.25",0.82,"RB","Inclusive"
"371","Projected Top 10","Finished.Top.25",0.62,"RB","Inclusive"
"372","Projected Top 20","Finished.Top.25",0.57,"RB","Inclusive"
"373","Projected Top 30","Finished.Top.25",0.37,"RB","Inclusive"
"374","Projected Top 15","Finished.Top.25",0.6,"RB","Inclusive"
"375","Projected Top 35","Finished.Top.25",0.27,"RB","Inclusive"
"376","Projected Top 25","Finished.Top.25",0.47,"RB","Inclusive"
"377","Projected Top 40","Finished.Top.25",0.23,"RB","Inclusive"
"378","Projected Above 40","Finished.Top.25",0.05,"RB","Inclusive"
"379","Projected Top 5","Finished.Top.30",0.83,"RB","Inclusive"
"380","Projected Top 10","Finished.Top.30",0.7,"RB","Inclusive"
"381","Projected Top 20","Finished.Top.30",0.63,"RB","Inclusive"
"382","Projected Top 30","Finished.Top.30",0.45,"RB","Inclusive"
"383","Projected Top 15","Finished.Top.30",0.63,"RB","Inclusive"
"384","Projected Top 35","Finished.Top.30",0.38,"RB","Inclusive"
"385","Projected Top 25","Finished.Top.30",0.57,"RB","Inclusive"
"386","Projected Top 40","Finished.Top.30",0.28,"RB","Inclusive"
"387","Projected Above 40","Finished.Top.30",0.07,"RB","Inclusive"
"388","Projected Top 5","Finished.Top.35",0.85,"RB","Inclusive"
"389","Projected Top 10","Finished.Top.35",0.78,"RB","Inclusive"
"390","Projected Top 20","Finished.Top.35",0.63,"RB","Inclusive"
"391","Projected Top 30","Finished.Top.35",0.53,"RB","Inclusive"
"392","Projected Top 15","Finished.Top.35",0.7,"RB","Inclusive"
"393","Projected Top 35","Finished.Top.35",0.48,"RB","Inclusive"
"394","Projected Top 25","Finished.Top.35",0.65,"RB","Inclusive"
"395","Projected Top 40","Finished.Top.35",0.43,"RB","Inclusive"
"396","Projected Above 40","Finished.Top.35",0.08,"RB","Inclusive"
"397","Projected Top 5","Finished.Top.40",0.87,"RB","Inclusive"
"398","Projected Top 10","Finished.Top.40",0.85,"RB","Inclusive"
"399","Projected Top 20","Finished.Top.40",0.7,"RB","Inclusive"
"400","Projected Top 30","Finished.Top.40",0.6,"RB","Inclusive"
"401","Projected Top 15","Finished.Top.40",0.77,"RB","Inclusive"
"402","Projected Top 35","Finished.Top.40",0.62,"RB","Inclusive"
"403","Projected Top 25","Finished.Top.40",0.73,"RB","Inclusive"
"404","Projected Top 40","Finished.Top.40",0.43,"RB","Inclusive"
"405","Projected Above 40","Finished.Top.40",0.11,"RB","Inclusive"
"406","Projected 1-5","Finished.1.5",0.33,"RB","Bucket"
"407","Projected 6-10","Finished.1.5",0.23,"RB","Bucket"
"408","Projected 16-20","Finished.1.5",0.13,"RB","Bucket"
"409","Projected 26-30","Finished.1.5",0.08,"RB","Bucket"
"410","Projected 11-15","Finished.1.5",0.07,"RB","Bucket"
"411","Projected 31-35","Finished.1.5",0.03,"RB","Bucket"
"412","Projected 21-25","Finished.1.5",0.02,"RB","Bucket"
"413","Projected 36-40","Finished.1.5",0.02,"RB","Bucket"
"414","Projected Above 40","Finished.1.5",0,"RB","Bucket"
"415","Projected 1-5","Finished.6.10",0.22,"RB","Bucket"
"416","Projected 6-10","Finished.6.10",0.07,"RB","Bucket"
"417","Projected 16-20","Finished.6.10",0.08,"RB","Bucket"
"418","Projected 26-30","Finished.6.10",0.07,"RB","Bucket"
"419","Projected 11-15","Finished.6.10",0.2,"RB","Bucket"
"420","Projected 31-35","Finished.6.10",0.05,"RB","Bucket"
"421","Projected 21-25","Finished.6.10",0.12,"RB","Bucket"
"422","Projected 36-40","Finished.6.10",0.08,"RB","Bucket"
"423","Projected Above 40","Finished.6.10",0.01,"RB","Bucket"
"424","Projected 1-5","Finished.11.15",0.18,"RB","Bucket"
"425","Projected 6-10","Finished.11.15",0.15,"RB","Bucket"
"426","Projected 16-20","Finished.11.15",0.07,"RB","Bucket"
"427","Projected 26-30","Finished.11.15",0.1,"RB","Bucket"
"428","Projected 11-15","Finished.11.15",0.1,"RB","Bucket"
"429","Projected 31-35","Finished.11.15",0.08,"RB","Bucket"
"430","Projected 21-25","Finished.11.15",0.07,"RB","Bucket"
"431","Projected 36-40","Finished.11.15",0.02,"RB","Bucket"
"432","Projected Above 40","Finished.11.15",0.01,"RB","Bucket"
"433","Projected 1-5","Finished.16.20",0.07,"RB","Bucket"
"434","Projected 6-10","Finished.16.20",0.07,"RB","Bucket"
"435","Projected 16-20","Finished.16.20",0.2,"RB","Bucket"
"436","Projected 26-30","Finished.16.20",0.05,"RB","Bucket"
"437","Projected 11-15","Finished.16.20",0.13,"RB","Bucket"
"438","Projected 31-35","Finished.16.20",0.03,"RB","Bucket"
"439","Projected 21-25","Finished.16.20",0.17,"RB","Bucket"
"440","Projected 36-40","Finished.16.20",0.03,"RB","Bucket"
"441","Projected Above 40","Finished.16.20",0.01,"RB","Bucket"
"442","Projected 1-5","Finished.21.25",0.02,"RB","Bucket"
"443","Projected 6-10","Finished.21.25",0.1,"RB","Bucket"
"444","Projected 16-20","Finished.21.25",0.08,"RB","Bucket"
"445","Projected 26-30","Finished.21.25",0.07,"RB","Bucket"
"446","Projected 11-15","Finished.21.25",0.1,"RB","Bucket"
"447","Projected 31-35","Finished.21.25",0.07,"RB","Bucket"
"448","Projected 21-25","Finished.21.25",0.1,"RB","Bucket"
"449","Projected 36-40","Finished.21.25",0.08,"RB","Bucket"
"450","Projected Above 40","Finished.21.25",0.02,"RB","Bucket"
"451","Projected 1-5","Finished.26.30",0.02,"RB","Bucket"
"452","Projected 6-10","Finished.26.30",0.08,"RB","Bucket"
"453","Projected 16-20","Finished.26.30",0.07,"RB","Bucket"
"454","Projected 26-30","Finished.26.30",0.08,"RB","Bucket"
"455","Projected 11-15","Finished.26.30",0.03,"RB","Bucket"
"456","Projected 31-35","Finished.26.30",0.12,"RB","Bucket"
"457","Projected 21-25","Finished.26.30",0.1,"RB","Bucket"
"458","Projected 36-40","Finished.26.30",0.05,"RB","Bucket"
"459","Projected Above 40","Finished.26.30",0.02,"RB","Bucket"
"460","Projected 1-5","Finished.31.35",0.02,"RB","Bucket"
"461","Projected 6-10","Finished.31.35",0.08,"RB","Bucket"
"462","Projected 16-20","Finished.31.35",0,"RB","Bucket"
"463","Projected 26-30","Finished.31.35",0.08,"RB","Bucket"
"464","Projected 11-15","Finished.31.35",0.07,"RB","Bucket"
"465","Projected 31-35","Finished.31.35",0.1,"RB","Bucket"
"466","Projected 21-25","Finished.31.35",0.08,"RB","Bucket"
"467","Projected 36-40","Finished.31.35",0.15,"RB","Bucket"
"468","Projected Above 40","Finished.31.35",0.02,"RB","Bucket"
"469","Projected 1-5","Finished.36.40",0.02,"RB","Bucket"
"470","Projected 6-10","Finished.36.40",0.07,"RB","Bucket"
"471","Projected 16-20","Finished.36.40",0.07,"RB","Bucket"
"472","Projected 26-30","Finished.36.40",0.07,"RB","Bucket"
"473","Projected 11-15","Finished.36.40",0.07,"RB","Bucket"
"474","Projected 31-35","Finished.36.40",0.13,"RB","Bucket"
"475","Projected 21-25","Finished.36.40",0.08,"RB","Bucket"
"476","Projected 36-40","Finished.36.40",0,"RB","Bucket"
"477","Projected Above 40","Finished.36.40",0.02,"RB","Bucket"
"478","Projected 1-5","Finished.Above.40",0.13,"RB","Bucket"
"479","Projected 6-10","Finished.Above.40",0.15,"RB","Bucket"
"480","Projected 16-20","Finished.Above.40",0.3,"RB","Bucket"
"481","Projected 26-30","Finished.Above.40",0.4,"RB","Bucket"
"482","Projected 11-15","Finished.Above.40",0.23,"RB","Bucket"
"483","Projected 31-35","Finished.Above.40",0.38,"RB","Bucket"
"484","Projected 21-25","Finished.Above.40",0.27,"RB","Bucket"
"485","Projected 36-40","Finished.Above.40",0.57,"RB","Bucket"
"486","Projected Above 40","Finished.Above.40",0.89,"RB","Bucket"
"487","Projected Top 5","Finished.Above.40",0.12,"WR","Inclusive"
"488","Projected Top 10","Finished.Above.40",0.15,"WR","Inclusive"
"489","Projected Top 15","Finished.Above.40",0.25,"WR","Inclusive"
"490","Projected Top 20","Finished.Above.40",0.25,"WR","Inclusive"
"491","Projected Top 25","Finished.Above.40",0.27,"WR","Inclusive"
"492","Projected Top 30","Finished.Above.40",0.48,"WR","Inclusive"
"493","Projected Top 40","Finished.Above.40",0.58,"WR","Inclusive"
"494","Projected Above 40","Finished.Above.40",0.92,"WR","Inclusive"
"495","Projected Top 35","Finished.Above.40",0.57,"WR","Inclusive"
"496","Projected Top 5","Finished.Top.5",0.5,"WR","Inclusive"
"497","Projected Top 10","Finished.Top.5",0.13,"WR","Inclusive"
"498","Projected Top 15","Finished.Top.5",0.12,"WR","Inclusive"
"499","Projected Top 20","Finished.Top.5",0.1,"WR","Inclusive"
"500","Projected Top 25","Finished.Top.5",0.07,"WR","Inclusive"
"501","Projected Top 30","Finished.Top.5",0.02,"WR","Inclusive"
"502","Projected Top 40","Finished.Top.5",0.02,"WR","Inclusive"
"503","Projected Above 40","Finished.Top.5",0,"WR","Inclusive"
"504","Projected Top 35","Finished.Top.5",0,"WR","Inclusive"
"505","Projected Top 5","Finished.Top.10",0.68,"WR","Inclusive"
"506","Projected Top 10","Finished.Top.10",0.3,"WR","Inclusive"
"507","Projected Top 15","Finished.Top.10",0.22,"WR","Inclusive"
"508","Projected Top 20","Finished.Top.10",0.22,"WR","Inclusive"
"509","Projected Top 25","Finished.Top.10",0.22,"WR","Inclusive"
"510","Projected Top 30","Finished.Top.10",0.1,"WR","Inclusive"
"511","Projected Top 40","Finished.Top.10",0.03,"WR","Inclusive"
"512","Projected Above 40","Finished.Top.10",0.01,"WR","Inclusive"
"513","Projected Top 35","Finished.Top.10",0.05,"WR","Inclusive"
"514","Projected Top 5","Finished.Top.15",0.77,"WR","Inclusive"
"515","Projected Top 10","Finished.Top.15",0.52,"WR","Inclusive"
"516","Projected Top 15","Finished.Top.15",0.38,"WR","Inclusive"
"517","Projected Top 20","Finished.Top.15",0.33,"WR","Inclusive"
"518","Projected Top 25","Finished.Top.15",0.38,"WR","Inclusive"
"519","Projected Top 30","Finished.Top.15",0.13,"WR","Inclusive"
"520","Projected Top 40","Finished.Top.15",0.05,"WR","Inclusive"
"521","Projected Above 40","Finished.Top.15",0.01,"WR","Inclusive"
"522","Projected Top 35","Finished.Top.15",0.12,"WR","Inclusive"
"523","Projected Top 5","Finished.Top.20",0.8,"WR","Inclusive"
"524","Projected Top 10","Finished.Top.20",0.58,"WR","Inclusive"
"525","Projected Top 15","Finished.Top.20",0.48,"WR","Inclusive"
"526","Projected Top 20","Finished.Top.20",0.47,"WR","Inclusive"
"527","Projected Top 25","Finished.Top.20",0.5,"WR","Inclusive"
"528","Projected Top 30","Finished.Top.20",0.17,"WR","Inclusive"
"529","Projected Top 40","Finished.Top.20",0.15,"WR","Inclusive"
"530","Projected Above 40","Finished.Top.20",0.02,"WR","Inclusive"
"531","Projected Top 35","Finished.Top.20",0.15,"WR","Inclusive"
"532","Projected Top 5","Finished.Top.25",0.85,"WR","Inclusive"
"533","Projected Top 10","Finished.Top.25",0.67,"WR","Inclusive"
"534","Projected Top 15","Finished.Top.25",0.62,"WR","Inclusive"
"535","Projected Top 20","Finished.Top.25",0.55,"WR","Inclusive"
"536","Projected Top 25","Finished.Top.25",0.62,"WR","Inclusive"
"537","Projected Top 30","Finished.Top.25",0.23,"WR","Inclusive"
"538","Projected Top 40","Finished.Top.25",0.18,"WR","Inclusive"
"539","Projected Above 40","Finished.Top.25",0.03,"WR","Inclusive"
"540","Projected Top 35","Finished.Top.25",0.18,"WR","Inclusive"
"541","Projected Top 5","Finished.Top.30",0.85,"WR","Inclusive"
"542","Projected Top 10","Finished.Top.30",0.73,"WR","Inclusive"
"543","Projected Top 15","Finished.Top.30",0.65,"WR","Inclusive"
"544","Projected Top 20","Finished.Top.30",0.6,"WR","Inclusive"
"545","Projected Top 25","Finished.Top.30",0.67,"WR","Inclusive"
"546","Projected Top 30","Finished.Top.30",0.37,"WR","Inclusive"
"547","Projected Top 40","Finished.Top.30",0.25,"WR","Inclusive"
"548","Projected Above 40","Finished.Top.30",0.05,"WR","Inclusive"
"549","Projected Top 35","Finished.Top.30",0.3,"WR","Inclusive"
"550","Projected Top 5","Finished.Top.35",0.87,"WR","Inclusive"
"551","Projected Top 10","Finished.Top.35",0.8,"WR","Inclusive"
"552","Projected Top 15","Finished.Top.35",0.7,"WR","Inclusive"
"553","Projected Top 20","Finished.Top.35",0.65,"WR","Inclusive"
"554","Projected Top 25","Finished.Top.35",0.72,"WR","Inclusive"
"555","Projected Top 30","Finished.Top.35",0.42,"WR","Inclusive"
"556","Projected Top 40","Finished.Top.35",0.37,"WR","Inclusive"
"557","Projected Above 40","Finished.Top.35",0.06,"WR","Inclusive"
"558","Projected Top 35","Finished.Top.35",0.4,"WR","Inclusive"
"559","Projected Top 5","Finished.Top.40",0.88,"WR","Inclusive"
"560","Projected Top 10","Finished.Top.40",0.85,"WR","Inclusive"
"561","Projected Top 15","Finished.Top.40",0.75,"WR","Inclusive"
"562","Projected Top 20","Finished.Top.40",0.75,"WR","Inclusive"
"563","Projected Top 25","Finished.Top.40",0.73,"WR","Inclusive"
"564","Projected Top 30","Finished.Top.40",0.52,"WR","Inclusive"
"565","Projected Top 40","Finished.Top.40",0.42,"WR","Inclusive"
"566","Projected Above 40","Finished.Top.40",0.08,"WR","Inclusive"
"567","Projected Top 35","Finished.Top.40",0.43,"WR","Inclusive"
"568","Projected 1-5","Finished.1.5",0.5,"WR","Bucket"
"569","Projected 6-10","Finished.1.5",0.13,"WR","Bucket"
"570","Projected 11-15","Finished.1.5",0.12,"WR","Bucket"
"571","Projected 16-20","Finished.1.5",0.1,"WR","Bucket"
"572","Projected 21-25","Finished.1.5",0.07,"WR","Bucket"
"573","Projected 26-30","Finished.1.5",0.02,"WR","Bucket"
"574","Projected 36-40","Finished.1.5",0.02,"WR","Bucket"
"575","Projected Above 40","Finished.1.5",0,"WR","Bucket"
"576","Projected 31-35","Finished.1.5",0,"WR","Bucket"
"577","Projected 1-5","Finished.6.10",0.18,"WR","Bucket"
"578","Projected 6-10","Finished.6.10",0.17,"WR","Bucket"
"579","Projected 11-15","Finished.6.10",0.1,"WR","Bucket"
"580","Projected 16-20","Finished.6.10",0.12,"WR","Bucket"
"581","Projected 21-25","Finished.6.10",0.15,"WR","Bucket"
"582","Projected 26-30","Finished.6.10",0.08,"WR","Bucket"
"583","Projected 36-40","Finished.6.10",0.02,"WR","Bucket"
"584","Projected Above 40","Finished.6.10",0,"WR","Bucket"
"585","Projected 31-35","Finished.6.10",0.05,"WR","Bucket"
"586","Projected 1-5","Finished.11.15",0.08,"WR","Bucket"
"587","Projected 6-10","Finished.11.15",0.22,"WR","Bucket"
"588","Projected 11-15","Finished.11.15",0.17,"WR","Bucket"
"589","Projected 16-20","Finished.11.15",0.12,"WR","Bucket"
"590","Projected 21-25","Finished.11.15",0.17,"WR","Bucket"
"591","Projected 26-30","Finished.11.15",0.03,"WR","Bucket"
"592","Projected 36-40","Finished.11.15",0.02,"WR","Bucket"
"593","Projected Above 40","Finished.11.15",0,"WR","Bucket"
"594","Projected 31-35","Finished.11.15",0.07,"WR","Bucket"
"595","Projected 1-5","Finished.16.20",0.03,"WR","Bucket"
"596","Projected 6-10","Finished.16.20",0.07,"WR","Bucket"
"597","Projected 11-15","Finished.16.20",0.1,"WR","Bucket"
"598","Projected 16-20","Finished.16.20",0.13,"WR","Bucket"
"599","Projected 21-25","Finished.16.20",0.12,"WR","Bucket"
"600","Projected 26-30","Finished.16.20",0.03,"WR","Bucket"
"601","Projected 36-40","Finished.16.20",0.1,"WR","Bucket"
"602","Projected Above 40","Finished.16.20",0.01,"WR","Bucket"
"603","Projected 31-35","Finished.16.20",0.03,"WR","Bucket"
"604","Projected 1-5","Finished.21.25",0.05,"WR","Bucket"
"605","Projected 6-10","Finished.21.25",0.08,"WR","Bucket"
"606","Projected 11-15","Finished.21.25",0.13,"WR","Bucket"
"607","Projected 16-20","Finished.21.25",0.08,"WR","Bucket"
"608","Projected 21-25","Finished.21.25",0.12,"WR","Bucket"
"609","Projected 26-30","Finished.21.25",0.07,"WR","Bucket"
"610","Projected 36-40","Finished.21.25",0.03,"WR","Bucket"
"611","Projected Above 40","Finished.21.25",0.01,"WR","Bucket"
"612","Projected 31-35","Finished.21.25",0.03,"WR","Bucket"
"613","Projected 1-5","Finished.26.30",0,"WR","Bucket"
"614","Projected 6-10","Finished.26.30",0.07,"WR","Bucket"
"615","Projected 11-15","Finished.26.30",0.03,"WR","Bucket"
"616","Projected 16-20","Finished.26.30",0.05,"WR","Bucket"
"617","Projected 21-25","Finished.26.30",0.05,"WR","Bucket"
"618","Projected 26-30","Finished.26.30",0.13,"WR","Bucket"
"619","Projected 36-40","Finished.26.30",0.07,"WR","Bucket"
"620","Projected Above 40","Finished.26.30",0.01,"WR","Bucket"
"621","Projected 31-35","Finished.26.30",0.12,"WR","Bucket"
"622","Projected 1-5","Finished.31.35",0.02,"WR","Bucket"
"623","Projected 6-10","Finished.31.35",0.07,"WR","Bucket"
"624","Projected 11-15","Finished.31.35",0.05,"WR","Bucket"
"625","Projected 16-20","Finished.31.35",0.05,"WR","Bucket"
"626","Projected 21-25","Finished.31.35",0.05,"WR","Bucket"
"627","Projected 26-30","Finished.31.35",0.05,"WR","Bucket"
"628","Projected 36-40","Finished.31.35",0.12,"WR","Bucket"
"629","Projected Above 40","Finished.31.35",0.02,"WR","Bucket"
"630","Projected 31-35","Finished.31.35",0.1,"WR","Bucket"
"631","Projected 1-5","Finished.36.40",0.02,"WR","Bucket"
"632","Projected 6-10","Finished.36.40",0.05,"WR","Bucket"
"633","Projected 11-15","Finished.36.40",0.05,"WR","Bucket"
"634","Projected 16-20","Finished.36.40",0.1,"WR","Bucket"
"635","Projected 21-25","Finished.36.40",0.02,"WR","Bucket"
"636","Projected 26-30","Finished.36.40",0.1,"WR","Bucket"
"637","Projected 36-40","Finished.36.40",0.05,"WR","Bucket"
"638","Projected Above 40","Finished.36.40",0.02,"WR","Bucket"
"639","Projected 31-35","Finished.36.40",0.03,"WR","Bucket"
"640","Projected 1-5","Finished.Above.40",0.12,"WR","Bucket"
"641","Projected 6-10","Finished.Above.40",0.15,"WR","Bucket"
"642","Projected 11-15","Finished.Above.40",0.25,"WR","Bucket"
"643","Projected 16-20","Finished.Above.40",0.25,"WR","Bucket"
"644","Projected 21-25","Finished.Above.40",0.27,"WR","Bucket"
"645","Projected 26-30","Finished.Above.40",0.48,"WR","Bucket"
"646","Projected 36-40","Finished.Above.40",0.58,"WR","Bucket"
"647","Projected Above 40","Finished.Above.40",0.92,"WR","Bucket"
"648","Projected 31-35","Finished.Above.40",0.57,"WR","Bucket"
"649","Projected Top 5","Finished.Above.40",0.02,"TE","Inclusive"
"650","Projected Top 15","Finished.Above.40",0.02,"TE","Inclusive"
"651","Projected Top 10","Finished.Above.40",0.1,"TE","Inclusive"
"652","Projected Top 20","Finished.Above.40",0.13,"TE","Inclusive"
"653","Projected Top 25","Finished.Above.40",0.23,"TE","Inclusive"
"654","Projected Top 30","Finished.Above.40",0.25,"TE","Inclusive"
"655","Projected Above 40","Finished.Above.40",0.87,"TE","Inclusive"
"656","Projected Top 35","Finished.Above.40",0.38,"TE","Inclusive"
"657","Projected Top 40","Finished.Above.40",0.47,"TE","Inclusive"
"658","Projected Top 5","Finished.Top.5",0.52,"TE","Inclusive"
"659","Projected Top 15","Finished.Top.5",0.15,"TE","Inclusive"
"660","Projected Top 10","Finished.Top.5",0.13,"TE","Inclusive"
"661","Projected Top 20","Finished.Top.5",0.12,"TE","Inclusive"
"662","Projected Top 25","Finished.Top.5",0.05,"TE","Inclusive"
"663","Projected Top 30","Finished.Top.5",0.02,"TE","Inclusive"
"664","Projected Above 40","Finished.Top.5",0,"TE","Inclusive"
"665","Projected Top 35","Finished.Top.5",0,"TE","Inclusive"
"666","Projected Top 40","Finished.Top.5",0,"TE","Inclusive"
"667","Projected Top 5","Finished.Top.10",0.72,"TE","Inclusive"
"668","Projected Top 15","Finished.Top.10",0.42,"TE","Inclusive"
"669","Projected Top 10","Finished.Top.10",0.3,"TE","Inclusive"
"670","Projected Top 20","Finished.Top.10",0.18,"TE","Inclusive"
"671","Projected Top 25","Finished.Top.10",0.15,"TE","Inclusive"
"672","Projected Top 30","Finished.Top.10",0.08,"TE","Inclusive"
"673","Projected Above 40","Finished.Top.10",0.01,"TE","Inclusive"
"674","Projected Top 35","Finished.Top.10",0.05,"TE","Inclusive"
"675","Projected Top 40","Finished.Top.10",0.02,"TE","Inclusive"
"676","Projected Top 5","Finished.Top.15",0.78,"TE","Inclusive"
"677","Projected Top 15","Finished.Top.15",0.62,"TE","Inclusive"
"678","Projected Top 10","Finished.Top.15",0.47,"TE","Inclusive"
"679","Projected Top 20","Finished.Top.15",0.35,"TE","Inclusive"
"680","Projected Top 25","Finished.Top.15",0.27,"TE","Inclusive"
"681","Projected Top 30","Finished.Top.15",0.22,"TE","Inclusive"
"682","Projected Above 40","Finished.Top.15",0.01,"TE","Inclusive"
"683","Projected Top 35","Finished.Top.15",0.1,"TE","Inclusive"
"684","Projected Top 40","Finished.Top.15",0.05,"TE","Inclusive"
"685","Projected Top 5","Finished.Top.20",0.87,"TE","Inclusive"
"686","Projected Top 15","Finished.Top.20",0.72,"TE","Inclusive"
"687","Projected Top 10","Finished.Top.20",0.6,"TE","Inclusive"
"688","Projected Top 20","Finished.Top.20",0.6,"TE","Inclusive"
"689","Projected Top 25","Finished.Top.20",0.35,"TE","Inclusive"
"690","Projected Top 30","Finished.Top.20",0.3,"TE","Inclusive"
"691","Projected Above 40","Finished.Top.20",0.02,"TE","Inclusive"
"692","Projected Top 35","Finished.Top.20",0.15,"TE","Inclusive"
"693","Projected Top 40","Finished.Top.20",0.15,"TE","Inclusive"
"694","Projected Top 5","Finished.Top.25",0.92,"TE","Inclusive"
"695","Projected Top 15","Finished.Top.25",0.85,"TE","Inclusive"
"696","Projected Top 10","Finished.Top.25",0.65,"TE","Inclusive"
"697","Projected Top 20","Finished.Top.25",0.7,"TE","Inclusive"
"698","Projected Top 25","Finished.Top.25",0.48,"TE","Inclusive"
"699","Projected Top 30","Finished.Top.25",0.37,"TE","Inclusive"
"700","Projected Above 40","Finished.Top.25",0.04,"TE","Inclusive"
"701","Projected Top 35","Finished.Top.25",0.3,"TE","Inclusive"
"702","Projected Top 40","Finished.Top.25",0.27,"TE","Inclusive"
"703","Projected Top 5","Finished.Top.30",0.95,"TE","Inclusive"
"704","Projected Top 15","Finished.Top.30",0.87,"TE","Inclusive"
"705","Projected Top 10","Finished.Top.30",0.75,"TE","Inclusive"
"706","Projected Top 20","Finished.Top.30",0.82,"TE","Inclusive"
"707","Projected Top 25","Finished.Top.30",0.65,"TE","Inclusive"
"708","Projected Top 30","Finished.Top.30",0.48,"TE","Inclusive"
"709","Projected Above 40","Finished.Top.30",0.05,"TE","Inclusive"
"710","Projected Top 35","Finished.Top.30",0.5,"TE","Inclusive"
"711","Projected Top 40","Finished.Top.30",0.33,"TE","Inclusive"
"712","Projected Top 5","Finished.Top.35",0.95,"TE","Inclusive"
"713","Projected Top 15","Finished.Top.35",0.93,"TE","Inclusive"
"714","Projected Top 10","Finished.Top.35",0.82,"TE","Inclusive"
"715","Projected Top 20","Finished.Top.35",0.87,"TE","Inclusive"
"716","Projected Top 25","Finished.Top.35",0.72,"TE","Inclusive"
"717","Projected Top 30","Finished.Top.35",0.65,"TE","Inclusive"
"718","Projected Above 40","Finished.Top.35",0.09,"TE","Inclusive"
"719","Projected Top 35","Finished.Top.35",0.53,"TE","Inclusive"
"720","Projected Top 40","Finished.Top.35",0.45,"TE","Inclusive"
"721","Projected Top 5","Finished.Top.40",0.98,"TE","Inclusive"
"722","Projected Top 15","Finished.Top.40",0.98,"TE","Inclusive"
"723","Projected Top 10","Finished.Top.40",0.9,"TE","Inclusive"
"724","Projected Top 20","Finished.Top.40",0.87,"TE","Inclusive"
"725","Projected Top 25","Finished.Top.40",0.77,"TE","Inclusive"
"726","Projected Top 30","Finished.Top.40",0.75,"TE","Inclusive"
"727","Projected Above 40","Finished.Top.40",0.13,"TE","Inclusive"
"728","Projected Top 35","Finished.Top.40",0.62,"TE","Inclusive"
"729","Projected Top 40","Finished.Top.40",0.53,"TE","Inclusive"
"730","Projected 1-5","Finished.1.5",0.52,"TE","Bucket"
"731","Projected 11-15","Finished.1.5",0.15,"TE","Bucket"
"732","Projected 6-10","Finished.1.5",0.13,"TE","Bucket"
"733","Projected 16-20","Finished.1.5",0.12,"TE","Bucket"
"734","Projected 21-25","Finished.1.5",0.05,"TE","Bucket"
"735","Projected 26-30","Finished.1.5",0.02,"TE","Bucket"
"736","Projected Above 40","Finished.1.5",0,"TE","Bucket"
"737","Projected 31-35","Finished.1.5",0,"TE","Bucket"
"738","Projected 36-40","Finished.1.5",0,"TE","Bucket"
"739","Projected 1-5","Finished.6.10",0.2,"TE","Bucket"
"740","Projected 11-15","Finished.6.10",0.27,"TE","Bucket"
"741","Projected 6-10","Finished.6.10",0.17,"TE","Bucket"
"742","Projected 16-20","Finished.6.10",0.07,"TE","Bucket"
"743","Projected 21-25","Finished.6.10",0.1,"TE","Bucket"
"744","Projected 26-30","Finished.6.10",0.07,"TE","Bucket"
"745","Projected Above 40","Finished.6.10",0.01,"TE","Bucket"
"746","Projected 31-35","Finished.6.10",0.05,"TE","Bucket"
"747","Projected 36-40","Finished.6.10",0.02,"TE","Bucket"
"748","Projected 1-5","Finished.11.15",0.07,"TE","Bucket"
"749","Projected 11-15","Finished.11.15",0.2,"TE","Bucket"
"750","Projected 6-10","Finished.11.15",0.17,"TE","Bucket"
"751","Projected 16-20","Finished.11.15",0.17,"TE","Bucket"
"752","Projected 21-25","Finished.11.15",0.12,"TE","Bucket"
"753","Projected 26-30","Finished.11.15",0.13,"TE","Bucket"
"754","Projected Above 40","Finished.11.15",0.01,"TE","Bucket"
"755","Projected 31-35","Finished.11.15",0.05,"TE","Bucket"
"756","Projected 36-40","Finished.11.15",0.03,"TE","Bucket"
"757","Projected 1-5","Finished.16.20",0.08,"TE","Bucket"
"758","Projected 11-15","Finished.16.20",0.1,"TE","Bucket"
"759","Projected 6-10","Finished.16.20",0.13,"TE","Bucket"
"760","Projected 16-20","Finished.16.20",0.25,"TE","Bucket"
"761","Projected 21-25","Finished.16.20",0.08,"TE","Bucket"
"762","Projected 26-30","Finished.16.20",0.08,"TE","Bucket"
"763","Projected Above 40","Finished.16.20",0.01,"TE","Bucket"
"764","Projected 31-35","Finished.16.20",0.05,"TE","Bucket"
"765","Projected 36-40","Finished.16.20",0.1,"TE","Bucket"
"766","Projected 1-5","Finished.21.25",0.05,"TE","Bucket"
"767","Projected 11-15","Finished.21.25",0.13,"TE","Bucket"
"768","Projected 6-10","Finished.21.25",0.05,"TE","Bucket"
"769","Projected 16-20","Finished.21.25",0.1,"TE","Bucket"
"770","Projected 21-25","Finished.21.25",0.13,"TE","Bucket"
"771","Projected 26-30","Finished.21.25",0.07,"TE","Bucket"
"772","Projected Above 40","Finished.21.25",0.02,"TE","Bucket"
"773","Projected 31-35","Finished.21.25",0.15,"TE","Bucket"
"774","Projected 36-40","Finished.21.25",0.12,"TE","Bucket"
"775","Projected 1-5","Finished.26.30",0.03,"TE","Bucket"
"776","Projected 11-15","Finished.26.30",0.02,"TE","Bucket"
"777","Projected 6-10","Finished.26.30",0.1,"TE","Bucket"
"778","Projected 16-20","Finished.26.30",0.12,"TE","Bucket"
"779","Projected 21-25","Finished.26.30",0.17,"TE","Bucket"
"780","Projected 26-30","Finished.26.30",0.12,"TE","Bucket"
"781","Projected Above 40","Finished.26.30",0.01,"TE","Bucket"
"782","Projected 31-35","Finished.26.30",0.2,"TE","Bucket"
"783","Projected 36-40","Finished.26.30",0.07,"TE","Bucket"
"784","Projected 1-5","Finished.31.35",0,"TE","Bucket"
"785","Projected 11-15","Finished.31.35",0.07,"TE","Bucket"
"786","Projected 6-10","Finished.31.35",0.07,"TE","Bucket"
"787","Projected 16-20","Finished.31.35",0.05,"TE","Bucket"
"788","Projected 21-25","Finished.31.35",0.07,"TE","Bucket"
"789","Projected 26-30","Finished.31.35",0.17,"TE","Bucket"
"790","Projected Above 40","Finished.31.35",0.03,"TE","Bucket"
"791","Projected 31-35","Finished.31.35",0.03,"TE","Bucket"
"792","Projected 36-40","Finished.31.35",0.12,"TE","Bucket"
"793","Projected 1-5","Finished.36.40",0.03,"TE","Bucket"
"794","Projected 11-15","Finished.36.40",0.05,"TE","Bucket"
"795","Projected 6-10","Finished.36.40",0.08,"TE","Bucket"
"796","Projected 16-20","Finished.36.40",0,"TE","Bucket"
"797","Projected 21-25","Finished.36.40",0.05,"TE","Bucket"
"798","Projected 26-30","Finished.36.40",0.1,"TE","Bucket"
"799","Projected Above 40","Finished.36.40",0.04,"TE","Bucket"
"800","Projected 31-35","Finished.36.40",0.08,"TE","Bucket"
"801","Projected 36-40","Finished.36.40",0.08,"TE","Bucket"
"802","Projected 1-5","Finished.Above.40",0.02,"TE","Bucket"
"803","Projected 11-15","Finished.Above.40",0.02,"TE","Bucket"
"804","Projected 6-10","Finished.Above.40",0.1,"TE","Bucket"
"805","Projected 16-20","Finished.Above.40",0.13,"TE","Bucket"
"806","Projected 21-25","Finished.Above.40",0.23,"TE","Bucket"
"807","Projected 26-30","Finished.Above.40",0.25,"TE","Bucket"
"808","Projected Above 40","Finished.Above.40",0.87,"TE","Bucket"
"809","Projected 31-35","Finished.Above.40",0.38,"TE","Bucket"
"810","Projected 36-40","Finished.Above.40",0.47,"TE","Bucket"
